"","Rho","N","P","p.adj"
"A1BG",0.232070442257509,101,0.0195316317437257,0.999994989809642
"AAR2",0.204933655530179,99,0.0418691759777052,0.999994989809642
"ABCG8",0.203390326303079,101,0.0413523156228062,0.999994989809642
"ABHD13",-0.241066608636216,99,0.0162308577461409,0.999994989809642
"ABHD3",0.308262245890887,99,0.0019080672955274,0.853807112879192
"ABHD6",0.204264358987288,101,0.0404684038564432,0.999994989809642
"ABTB1",0.308168341874964,95,0.00237999474082412,0.901385928856623
"ACAA2",0.279532446525779,99,0.00507747152278479,0.999994989809642
"ACD",0.238115649227311,87,0.0263563678135375,0.999994989809642
"ACKR4",-0.341098696594196,83,0.00160146608318607,0.77156425304767
"ACOT11",0.296446806201493,99,0.00288789577761221,0.901385928856623
"ACOT12",-0.219350716096646,101,0.0275297845610766,0.999994989809642
"ACOT8",0.245036128194984,95,0.0166972422591124,0.999994989809642
"ACOX2",0.300874550133007,89,0.00416980219374186,0.999994989809642
"ACTL8",0.237200073130344,101,0.0169241916547269,0.999994989809642
"ACTR3B",0.303166821291558,97,0.00254015659493217,0.901385928856623
"ADAMDEC1",0.626182913298661,24,0.00106278364958973,0.77156425304767
"ADAMTS10",0.345963246569565,97,0.000518514192406626,0.629920977160541
"ADCK2",0.21037723700407,101,0.0347172157162839,0.999994989809642
"ADGB",-0.225473641060271,87,0.0357481771774016,0.999994989809642
"ADO",0.201207430670591,99,0.0458212184361604,0.999994989809642
"ADRA1A",0.240666261288973,87,0.0247405055893414,0.999994989809642
"ADRA2C",-0.215139190175639,89,0.0428979407623916,0.999994989809642
"ADRM1",0.208373430847556,97,0.0405427332256056,0.999994989809642
"AGFG2",0.326778465833826,77,0.0037238667235205,0.95218681030463
"AJAP1",0.228546030097391,97,0.0243458823015707,0.999994989809642
"AK6",-0.250455957153734,99,0.0124072989506581,0.999994989809642
"AK7",-0.215762924924758,95,0.0357324147591106,0.999994989809642
"AKAP10",0.274530130246647,101,0.00546537565043466,0.999994989809642
"AKAP8L",-0.226221838644045,101,0.0229192823382653,0.999994989809642
"ALCAM",-0.259659578394082,99,0.00944678893008745,0.999994989809642
"ALG6",0.237178010961088,99,0.0180908293937946,0.999994989809642
"AMDHD1",0.251091653032861,101,0.0113173468386389,0.999994989809642
"ANKRA2",-0.224582530813354,101,0.0239545563478244,0.999994989809642
"ANKS1B",0.318227796600941,47,0.0292625044638834,0.999994989809642
"AP3B1",-0.213389297836992,93,0.0400009632279224,0.999994989809642
"APBA3",0.206600857388313,99,0.0401952130174955,0.999994989809642
"APBB1IP",0.210758818259406,99,0.0362623919000541,0.999994989809642
"APEX1",-0.229549694805927,99,0.0222779947166852,0.999994989809642
"APLN",-0.200539857504771,101,0.0443476066976919,0.999994989809642
"APLP2",-0.20342418984404,101,0.0413177719532664,0.999994989809642
"ARF1",-0.219777516129558,101,0.0272220563904903,0.999994989809642
"ARFGAP3",-0.217998775797992,91,0.0379064360891401,0.999994989809642
"ARHGEF26",-0.197566448234136,99,0.0499768514256971,0.999994989809642
"ARHGEF3",-0.200618933661521,99,0.046472798326594,0.999994989809642
"ARL6IP5",-0.226694809078165,99,0.0240456061545981,0.999994989809642
"ARMC1",0.222134780704622,101,0.0255745973720538,0.999994989809642
"ARMC3",0.224518376470089,95,0.0287154034491349,0.999994989809642
"ARMCX5",-0.231364949943032,101,0.019915966667313,0.999994989809642
"ARRDC2",0.363419431315147,101,0.000187399570781426,0.589903738517698
"ASGR2",0.208776281788655,97,0.0401477466690871,0.999994989809642
"ASPG",0.269607010394939,73,0.0210739904131768,0.999994989809642
"ATOX1",0.209599598679517,99,0.0373249364665849,0.999994989809642
"ATP1A3",0.207547625615343,101,0.0372877162674741,0.999994989809642
"ATP1B3",-0.249301013225223,85,0.0213991366571659,0.999994989809642
"ATP2B4",0.21384975086803,101,0.031767915456861,0.999994989809642
"ATP8B1",0.267546456749327,99,0.00742320809719562,0.999994989809642
"AZGP1",0.238988756368561,101,0.0160886152921205,0.999994989809642
"B4GALT2",0.205739571999907,101,0.0390123141365714,0.999994989809642
"BAHCC1",0.203099255504501,97,0.0460198718863207,0.999994989809642
"BCLAF1",-0.228726954338584,101,0.0214112329001229,0.999994989809642
"BCO1",0.225096019510895,101,0.0236260598504688,0.999994989809642
"BLOC1S1",-0.272097501760579,95,0.0076418234020836,0.999994989809642
"BMT2",-0.242043763475761,97,0.0169134747693177,0.999994989809642
"BRCC3",0.274842356586791,81,0.0130224251985869,0.999994989809642
"BRSK2",0.315208051734798,97,0.00166217333472038,0.77156425304767
"BSX",0.196550750944412,101,0.0488401509491268,0.999994989809642
"BTF3",0.240024815387158,99,0.0167121756305632,0.999994989809642
"BTNL8",-0.326565006577386,39,0.0424529501416594,0.999994989809642
"BUB1B",0.28325116596466,97,0.00493333013883702,0.999994989809642
"BUB1",0.247444676473964,71,0.0374824358111482,0.999994989809642
"C10orf105",0.266057047904858,99,0.00777309221003162,0.999994989809642
"C10orf120",0.222548742258013,95,0.0301827396360708,0.999994989809642
"C11orf74",-0.215916533680299,99,0.0318374747322726,0.999994989809642
"C15orf48",-0.329596955779692,65,0.00733804015961209,0.999994989809642
"C1orf146",-0.209929631511013,93,0.0434173456957117,0.999994989809642
"C1orf174",0.270104328999904,93,0.00883373090207682,0.999994989809642
"C1orf189",-0.249689856214271,99,0.0126867666348423,0.999994989809642
"C22orf15",-0.211980566628459,91,0.0436748310339237,0.999994989809642
"C5orf58",0.324314719114262,43,0.0338605172769067,0.999994989809642
"C6orf47",-0.233683094188022,99,0.01991648220202,0.999994989809642
"C8A",0.295040522816289,87,0.00553388539227122,0.999994989809642
"CA11",-0.298713955349677,101,0.00241120895520078,0.901385928856623
"CA6",0.26812408719169,97,0.00792405451375324,0.999994989809642
"CABP4",0.20482810457574,101,0.0399066977034607,0.999994989809642
"CACNA1A",0.239614309297836,83,0.029126216676465,0.999994989809642
"CACNA1B",0.250944549401729,83,0.0221206818845747,0.999994989809642
"CALR3",0.22032091468887,99,0.0284281791849897,0.999994989809642
"CAMK2N2",0.204908451796235,101,0.0398271740335424,0.999994989809642
"CAMLG",0.247248778666854,93,0.0168779232216563,0.999994989809642
"CAPNS1",0.208382132460285,97,0.0405341673532147,0.999994989809642
"CASK",-0.217776666746807,91,0.0381073931044456,0.999994989809642
"CBX5",-0.203174316232073,101,0.0415732314123779,0.999994989809642
"CCDC125",0.205536843657354,95,0.045695694929851,0.999994989809642
"CCDC152",0.199813232016035,99,0.0473773000469759,0.999994989809642
"CCDC183",0.213935781989534,101,0.0316976196799698,0.999994989809642
"CCDC90B",0.203536125981335,101,0.0412037588603114,0.999994989809642
"CCL8",0.250277197418829,65,0.0443494681840607,0.999994989809642
"CCND3",-0.230626687013001,101,0.0203250977445719,0.999994989809642
"CCR1",-0.215128871365787,91,0.0405723830525702,0.999994989809642
"CCR2",0.204459266157168,97,0.0445519708076573,0.999994989809642
"CCT7",-0.292164407868384,97,0.0036863584193916,0.95218681030463
"CD40",-0.200762824157601,99,0.0463127788238725,0.999994989809642
"CDC16",0.354062824152385,99,0.000323969080054145,0.589903738517698
"CDC6",-0.23442342578347,97,0.020823064519092,0.999994989809642
"CDCA3",-0.255597179342868,97,0.0115098038974882,0.999994989809642
"CDCA7",0.216188319853051,85,0.0468987223347953,0.999994989809642
"CDH10",0.232411718290128,99,0.0206188059453858,0.999994989809642
"CDH23",0.226432076407618,87,0.0349493571171581,0.999994989809642
"CDKN2AIPNL",-0.244992177911412,101,0.0135397512417159,0.999994989809642
"CEACAM7",0.460164377976178,53,0.000526610876040362,0.629920977160541
"CELF1",-0.235777858406161,99,0.0188041361388551,0.999994989809642
"CEMIP",0.275477687339496,101,0.00529984965826122,0.999994989809642
"CEP44",-0.232573194759455,99,0.020528442058927,0.999994989809642
"CHN1",0.236529323026443,101,0.0172470610807485,0.999994989809642
"CHP1",0.268444380830114,81,0.0153885650715707,0.999994989809642
"CHUK",-0.22454466619283,101,0.0239789333214004,0.999994989809642
"CLCN3",-0.200447454241415,97,0.0489973877607976,0.999994989809642
"CLIP4",-0.251907853165181,93,0.0148557911862799,0.999994989809642
"CMC2",-0.334871142774117,97,0.00080029422775771,0.77156425304767
"CNPY1",0.215550989880696,99,0.0321353207289658,0.999994989809642
"COL16A1",0.349027023434713,59,0.00674165794002835,0.999994989809642
"COL26A1",0.260533978883055,77,0.0221108358382936,0.999994989809642
"COPG1",0.230249040700087,91,0.0281160187620133,0.999994989809642
"COX18",-0.29644372795455,99,0.00288820125824229,0.901385928856623
"COX20",-0.258198920467563,79,0.0215932302037933,0.999994989809642
"CPA3",-0.245014021023162,101,0.0135311594814175,0.999994989809642
"CPSF2",-0.247114146009461,101,0.0127269361500924,0.999994989809642
"CPSF3",0.214456598983513,99,0.0330411227464112,0.999994989809642
"CREM",0.267347828706724,85,0.0133784716278544,0.999994989809642
"CTH",-0.205430722811745,95,0.0458100704690099,0.999994989809642
"CTNND2",0.270120495549729,97,0.0074545461818337,0.999994989809642
"CTRC",-0.215111010898256,99,0.0324969309210109,0.999994989809642
"CUTC",0.282672539563267,85,0.00876169675904158,0.999994989809642
"CUX1",0.220287845579024,97,0.0301459917944888,0.999994989809642
"CWC27",-0.251647872873122,101,0.0111315312669051,0.999994989809642
"CXCL10",0.198635391480311,101,0.0464476276392138,0.999994989809642
"CXXC4",0.215709743990761,87,0.0447927677047838,0.999994989809642
"CYP46A1",0.286917927980012,99,0.00398508481215906,0.987626634447235
"DAAM2",0.249281624073863,101,0.0119409217642549,0.999994989809642
"DAGLA",-0.206718149772618,99,0.0400795795129015,0.999994989809642
"DAP",-0.28276051771002,67,0.020423766611039,0.999994989809642
"DAPP1",0.254279258122374,95,0.0128965041470706,0.999994989809642
"DCUN1D4",-0.215128312909767,93,0.0383702515650335,0.999994989809642
"DDA1",0.274310252758617,77,0.0157699448600631,0.999994989809642
"DDT",0.272954918277128,97,0.00683015948552229,0.999994989809642
"DDX17",-0.22375076507575,93,0.0310832377827767,0.999994989809642
"DDX60",-0.273521807291295,71,0.0209974983992334,0.999994989809642
"DHRS7B",0.24495688267773,97,0.015596036289702,0.999994989809642
"DHX37",0.215428679071092,99,0.0322355032896565,0.999994989809642
"DISP3",0.218259110884121,95,0.0335988297615247,0.999994989809642
"DLST",0.205368921288753,93,0.0482880976789746,0.999994989809642
"DNAJA1",0.290749214864599,95,0.00425807822414069,0.999994989809642
"DNAJB5",-0.237290464337989,101,0.0168810832688112,0.999994989809642
"DPP7",0.208355756912725,99,0.0384939359473995,0.999994989809642
"DPPA3",0.248507641818193,73,0.0340075364390488,0.999994989809642
"DSC3",0.265084179751689,99,0.00800941278739605,0.999994989809642
"DUSP11",0.304330808218041,77,0.00712461897289733,0.999994989809642
"DVL1",0.263280997743681,99,0.00846421826819434,0.999994989809642
"DYRK1A",-0.256846456497492,101,0.00951990933794427,0.999994989809642
"E2F6",-0.229736549989834,93,0.0267425844250832,0.999994989809642
"ECD",0.259446276715139,101,0.00879368050364201,0.999994989809642
"ECSCR",0.260137636748602,97,0.0100730794477625,0.999994989809642
"EEPD1",0.216260829399966,99,0.0315590757558814,0.999994989809642
"EGFL6",0.26077787318386,79,0.0202750142068924,0.999994989809642
"EIF4ENIF1",0.200158645637914,97,0.0493310674593265,0.999994989809642
"EMC8",0.206399813802805,99,0.040394061059416,0.999994989809642
"EMX2",-0.256320506340221,101,0.00967307127548532,0.999994989809642
"ENPP7",0.240799880546184,101,0.0152791784014496,0.999994989809642
"EPC1",0.197969321381603,99,0.0495022496038123,0.999994989809642
"EPHA10",0.211714685504142,97,0.0373627856373136,0.999994989809642
"EQTN",-0.285949031229133,61,0.0254829255245609,0.999994989809642
"ERCC1",0.236178451221896,97,0.0198598767079194,0.999994989809642
"ERCC6",-0.200149452979534,101,0.0447715461194454,0.999994989809642
"ERI3",-0.199732259445603,101,0.0452282905605885,0.999994989809642
"ERICH2",0.230798825171674,75,0.0463502292838786,0.999994989809642
"ERICH3",-0.27097008079726,95,0.00790707736691696,0.999994989809642
"ERP29",-0.199100942510679,101,0.0459268082197915,0.999994989809642
"ERVMER34-1",0.570307774841642,25,0.00291417814251889,0.901385928856623
"EVI2B",-0.207610332059937,101,0.0372290697148241,0.999994989809642
"EXOC3L1",-0.212854536278987,101,0.0325907159914724,0.999994989809642
"EXOC4",-0.264001288082617,101,0.00763818555265608,0.999994989809642
"F8",0.289696732176861,71,0.0142659828210191,0.999994989809642
"FAM120AOS",0.279818924725218,55,0.0385405285109163,0.999994989809642
"FAM122A",-0.260773226300748,95,0.0106989660441129,0.999994989809642
"FAM76A",0.225746923910367,101,0.0232151921922425,0.999994989809642
"FANCD2",-0.253887557679951,83,0.0205563491026142,0.999994989809642
"FARS2",0.261839186644524,99,0.00884408001811537,0.999994989809642
"FBLN5",0.27444735123099,97,0.00652035724488444,0.999994989809642
"FBN3",0.291113000860342,89,0.00564453760918911,0.999994989809642
"FBXO25",0.282838089671498,87,0.0079446064534466,0.999994989809642
"FBXO33",-0.288703555867463,101,0.00341220140447231,0.901385928856623
"FBXO3",-0.221218376701155,101,0.0262046790610333,0.999994989809642
"FBXO5",-0.224944185431745,97,0.0267466795919251,0.999994989809642
"FER",-0.224531142917071,97,0.0270344338282261,0.999994989809642
"FETUB",-0.218548368201402,99,0.0297610739575942,0.999994989809642
"FGD2",0.249872109832039,101,0.0117342745352277,0.999994989809642
"FGD3",0.266844724391461,89,0.0114768085961024,0.999994989809642
"FHIT",-0.281080495279044,97,0.00528882989679957,0.999994989809642
"FOSL1",-0.20673666920843,93,0.046782145403891,0.999994989809642
"FSD1",0.337953411596876,101,0.000547451342743036,0.629920977160541
"FSD1L",0.200881087681892,99,0.0461816010339849,0.999994989809642
"FSHB",0.243410128617884,101,0.0141747903102904,0.999994989809642
"G2E3",-0.266693779325913,101,0.00702009711259944,0.999994989809642
"GABPB1",0.262985790335622,99,0.00854080335567955,0.999994989809642
"GABRA5",-0.214243411940606,101,0.0314473297848004,0.999994989809642
"GALC",0.237638104943885,101,0.0167161734992661,0.999994989809642
"GALM",0.327340665625096,97,0.00106488704960169,0.77156425304767
"GAMT",0.232737654403565,99,0.0204367584239296,0.999994989809642
"GANC",0.248780413063576,85,0.0216812951249055,0.999994989809642
"GCLM",0.233235840804519,101,0.0189107226295816,0.999994989809642
"GCSAML",0.211307437725672,89,0.0468342463870169,0.999994989809642
"GDF5OS",-0.245511433068141,89,0.0203938516750065,0.999994989809642
"GLE1",0.357282365552543,99,0.00028302676256863,0.589903738517698
"GLIPR2",-0.205614459913579,101,0.0391340794872105,0.999994989809642
"GLRX",-0.22922110007104,89,0.0307142393595544,0.999994989809642
"GLS2",0.29980417035479,101,0.00232001320302228,0.901385928856623
"GLT6D1",0.204087844908854,97,0.0449489449595463,0.999994989809642
"GLYATL1",0.240796057885752,85,0.0264233084357449,0.999994989809642
"GNG3",-0.249498992617732,99,0.0127572398042501,0.999994989809642
"GNG8",-0.259738766903558,99,0.00942427583977433,0.999994989809642
"GPC4",0.201826427282348,97,0.0474297693030942,0.999994989809642
"GPD1L",0.275421861385214,99,0.00579451813866699,0.999994989809642
"GPD2",-0.216937461418687,101,0.0293259054608082,0.999994989809642
"GPR142",0.236819546303352,97,0.0195177067826404,0.999994989809642
"GPR180",-0.274101862389496,99,0.00604312445804044,0.999994989809642
"GPR84",-0.205611793792682,99,0.0411814092438324,0.999994989809642
"GREB1",0.330827344758422,99,0.000824056076866682,0.77156425304767
"GRIA2",-0.211542913201763,99,0.0355581719134681,0.999994989809642
"GRIA3",-0.240087983500588,83,0.0287996914064859,0.999994989809642
"GRIN2B",0.266436247048443,101,0.00707724040741726,0.999994989809642
"GRK1",0.324910583210804,99,0.00103342575536364,0.77156425304767
"GRN",0.25066090379636,99,0.0123334521353365,0.999994989809642
"GTF3C1",0.220114052242574,93,0.0340001671706473,0.999994989809642
"HCK",0.20436890524065,97,0.0446482794042751,0.999994989809642
"HDAC8",-0.267625587622925,101,0.00681673415103518,0.999994989809642
"HEPHL1",0.245521958081252,101,0.013332701003604,0.999994989809642
"HGSNAT",0.21971386966536,99,0.0288788399021597,0.999994989809642
"HMBS",0.213625250035178,89,0.044419036105738,0.999994989809642
"HMCES",0.21639418813633,93,0.0372184814581902,0.999994989809642
"HNF1A",0.244106162524626,101,0.0138922806426877,0.999994989809642
"HNF4G",-0.201284290231666,101,0.0435484723549608,0.999994989809642
"HNRNPR",-0.248201478626385,99,0.0132454277737278,0.999994989809642
"HOXC5",0.271909456972294,101,0.005947350722461,0.999994989809642
"HSD17B1",-0.223103239421548,101,0.0249227973606269,0.999994989809642
"HUNK",0.217630181536357,99,0.030472069553359,0.999994989809642
"HYAL1",0.268006125490323,101,0.00673519413943361,0.999994989809642
"IAH1",0.200169280938335,97,0.0493187466048073,0.999994989809642
"IFNA6",0.297838582458398,47,0.0420224106595797,0.999994989809642
"IGKV2-30",0.234886220559623,79,0.0371887603042457,0.999994989809642
"IHH",0.315772242307857,99,0.00145320740959405,0.77156425304767
"IL11",-0.211192392428494,97,0.0378456311077485,0.999994989809642
"IL12RB1",0.34229600183157,83,0.00153789861562264,0.77156425304767
"IL1RAPL2",-0.28072142562103,99,0.00488535059527672,0.999994989809642
"IL27RA",0.203706219886708,95,0.0477022098125875,0.999994989809642
"IL9R",0.205880847503094,99,0.0409111583706991,0.999994989809642
"ILKAP",-0.21379126021233,97,0.0354937878136679,0.999994989809642
"IMPG2",0.198657094911508,101,0.0464232393291229,0.999994989809642
"INAFM1",0.217532273301395,95,0.0342087271232184,0.999994989809642
"ING2",-0.272980534251005,101,0.00574598691536518,0.999994989809642
"INO80C",0.273683933905908,101,0.00561706272919457,0.999994989809642
"INPP5D",0.213658733611432,99,0.0337149756734636,0.999994989809642
"INS-IGF2",-0.231267671211436,79,0.0402982837877725,0.999994989809642
"ISCA1",-0.325127008930874,101,0.000908505644833223,0.77156425304767
"ISY1-RAB43",0.21422368802137,91,0.0414449705477934,0.999994989809642
"ITGA3",-0.199741724370085,99,0.0474582756560848,0.999994989809642
"ITSN1",0.254753692112081,101,0.0101422367657882,0.999994989809642
"JARID2",0.203578358482411,99,0.0432724103188497,0.999994989809642
"JMJD6",-0.203301344487662,101,0.0414431993961968,0.999994989809642
"KAT2A",-0.196316460977186,101,0.0491152998894856,0.999994989809642
"KCNAB2",0.295038435914878,99,0.00303073096183796,0.901385928856623
"KCNC3",0.230039366385717,101,0.0206557164070208,0.999994989809642
"KCNJ5",-0.295694190392935,101,0.00268092004984452,0.901385928856623
"KCNK1",0.311240364867958,101,0.00153454582544756,0.77156425304767
"KDF1",-0.288733600577754,101,0.00340870913769912,0.901385928856623
"KDM2B",0.19988786527121,99,0.0472929069954105,0.999994989809642
"KHDC3L",-0.228807810469797,85,0.0351784411985895,0.999994989809642
"KLHDC9",-0.200241025131061,101,0.0446718071573627,0.999994989809642
"KLHL42",0.198737261328693,101,0.0463332477224654,0.999994989809642
"KLK11",0.290826873526094,101,0.00317314324746278,0.901385928856623
"KNCN",-0.280557789796926,99,0.00491140159059603,0.999994989809642
"LAMTOR2",-0.22063725025415,93,0.0335668582242098,0.999994989809642
"LCN1",0.227005563096126,83,0.0390385240708889,0.999994989809642
"LDHB",0.235563081679379,101,0.0177215125804872,0.999994989809642
"LDOC1",0.259350364759826,101,0.00881958065090871,0.999994989809642
"LGALS2",-0.207335755307259,97,0.0415751051293934,0.999994989809642
"LIMD2",0.336456877522145,75,0.00316309880125791,0.901385928856623
"LMTK3",0.214841817252798,101,0.0309652433057015,0.999994989809642
"LRIT2",0.198201757621705,101,0.0469371355561534,0.999994989809642
"LRRC8D",-0.214491498102425,99,0.0330119089509424,0.999994989809642
"LRRIQ3",-0.207037653683205,97,0.0418757013077566,0.999994989809642
"LSM6",-0.295223582418756,101,0.00272531438275012,0.901385928856623
"LSM8",-0.197462080900487,101,0.047781980166276,0.999994989809642
"LYG1",0.241081286740331,77,0.0346745323814085,0.999994989809642
"LYN",0.256225684970086,101,0.00970091315437185,0.999994989809642
"LYPD6",0.256405772983961,101,0.00964809481935161,0.999994989809642
"LYSMD3",-0.223906546344674,101,0.0243929481476647,0.999994989809642
"LZTFL1",0.278269448482966,97,0.00578295219824541,0.999994989809642
"MAN2A2",0.20282621550378,101,0.0419313078402518,0.999994989809642
"MAP3K14",0.207625468227771,101,0.0372149251200244,0.999994989809642
"MAP3K8",0.350704670855883,99,0.000372432797484018,0.599951993467005
"MAP4K1",0.24825872759318,99,0.0132235499294538,0.999994989809642
"MARC1",0.211242153276385,99,0.0358269238265641,0.999994989809642
"MARK1",0.233524959259501,89,0.0276318010195867,0.999994989809642
"MAT1A",0.318538591056253,97,0.00147360555414489,0.77156425304767
"MBNL3",-0.233497705421152,101,0.0187735673061682,0.999994989809642
"MCCC1",-0.223318796861886,93,0.0314182619210025,0.999994989809642
"MCM7",-0.224003466851103,89,0.0348354429347425,0.999994989809642
"MCRIP2",-0.236655427773569,97,0.0196048151000247,0.999994989809642
"MED17",0.318693991486481,97,0.0014653006400667,0.77156425304767
"MEIOC",0.212207876103192,99,0.0349699823540871,0.999994989809642
"MELK",-0.201211367183786,99,0.0458168855970175,0.999994989809642
"METRNL",0.357496823595805,101,0.000242414859128833,0.589903738517698
"METTL5",0.220069773219531,81,0.0483684102182932,0.999994989809642
"METTL7A",0.225411810851711,89,0.0336797736977896,0.999994989809642
"MFAP1",-0.221042847970428,101,0.0263268609829005,0.999994989809642
"MGP",0.256033512067821,95,0.0122672175882815,0.999994989809642
"MGST1",-0.202596650198579,99,0.0443130904891407,0.999994989809642
"MIA-RAB4B",-0.211664427433598,99,0.0354500709323115,0.999994989809642
"MICU3",-0.223408592437761,101,0.0247202461208479,0.999994989809642
"MID1IP1",0.22241581875091,95,0.0302840074663639,0.999994989809642
"MME",-0.199064460966856,101,0.0459674450239587,0.999994989809642
"MMEL1",0.264494021789646,99,0.00815583474292938,0.999994989809642
"MMP28",0.201435877187042,101,0.0433872233121086,0.999994989809642
"MORN1",0.206975683732807,93,0.0465230114129669,0.999994989809642
"MORN2",-0.350275453630975,101,0.000329575619011688,0.589903738517698
"MPZL2",-0.291428569922389,101,0.00310819043840853,0.901385928856623
"MR1",0.236858156338557,91,0.0237891444886511,0.999994989809642
"MROH6",0.201019894601625,99,0.0460280295723924,0.999994989809642
"MRPL41",-0.221336508738968,95,0.031116962543837,0.999994989809642
"MRPS18A",-0.206282492847242,97,0.0426452912188017,0.999994989809642
"MRPS21",-0.210949198825436,95,0.040168493997346,0.999994989809642
"MRPS26",-0.261169086290854,85,0.0157668001777364,0.999994989809642
"MTFP1",0.204665291367511,93,0.0490782914896569,0.999994989809642
"MTTP",0.215961463177869,93,0.0376089009672736,0.999994989809642
"MVB12B",0.222593882323738,97,0.0284194053149279,0.999994989809642
"MXD4",-0.203512935175743,101,0.0412273583897643,0.999994989809642
"MYNN",-0.210698563598425,101,0.0344349698423983,0.999994989809642
"MYOC",0.206799416904968,101,0.0379934772824592,0.999994989809642
"NAGK",0.221241621130826,87,0.0394605738351334,0.999994989809642
"NDUFC2-KCTD14",-0.263586288126745,81,0.0174249551650214,0.999994989809642
"NELFB",0.283117795384445,101,0.00412000042071918,0.999994989809642
"NELFCD",0.220869347208234,101,0.0264481073252073,0.999994989809642
"NFE4",0.248974385678623,63,0.0491018706640019,0.999994989809642
"NHLH2",0.210849371730504,101,0.0343031705750572,0.999994989809642
"NHSL2",0.221775978925397,101,0.025819740267027,0.999994989809642
"NID1",0.216542954194423,101,0.0296287683725066,0.999994989809642
"NIPSNAP3A",0.197396812822084,101,0.0478571285849689,0.999994989809642
"NLRC5",0.256006281134529,81,0.0210642303560853,0.999994989809642
"NLRP7",-0.221433572081598,93,0.0329162704856606,0.999994989809642
"NME8",-0.202914656169259,101,0.0418400900078546,0.999994989809642
"NOP16",0.22109489505042,101,0.0262905816302476,0.999994989809642
"NOS1",0.313188320935926,101,0.00142788218714814,0.77156425304767
"NOXA1",0.220050272787407,97,0.0303288051601183,0.999994989809642
"NPHP4",0.23319806211162,99,0.0201819560265308,0.999994989809642
"NPM2",0.257546555472067,95,0.0117461244961281,0.999994989809642
"NPSR1",0.218026746880869,87,0.0424909154866289,0.999994989809642
"NR2C1",0.195857310104907,101,0.0496582398489885,0.999994989809642
"NRBF2",0.205136817363336,101,0.0396018718735376,0.999994989809642
"NRG3",-0.236623521818763,95,0.0209614217169544,0.999994989809642
"NTNG1",-0.227730248840709,97,0.0248728981425842,0.999994989809642
"NUDT16L1",0.203538337480308,101,0.0412015089736502,0.999994989809642
"NUP188",0.226524089552459,95,0.0272837417665906,0.999994989809642
"NUP58",0.255653555440713,95,0.0124011976166037,0.999994989809642
"NXPH3",-0.253786486350143,99,0.0112538101134188,0.999994989809642
"NYNRIN",0.224827749173871,101,0.0237971982834455,0.999994989809642
"OCIAD1",0.24255471875385,87,0.0235991355955566,0.999994989809642
"OCLN",0.302982215622574,101,0.002071647405945,0.901385928856623
"OCRL",-0.236425419548822,99,0.0184712816140244,0.999994989809642
"OPA1",-0.208272525024287,97,0.0406421753158813,0.999994989809642
"OR13H1",-0.247971834381744,67,0.0430464544298232,0.999994989809642
"OSTF1",0.371439471842477,69,0.00167637648871243,0.77156425304767
"OVCH2",-0.24239469814977,71,0.0416818558446599,0.999994989809642
"P2RX1",0.242505029927289,101,0.0145496129723775,0.999994989809642
"P2RX2",-0.233800987510154,87,0.0292936598209302,0.999994989809642
"PAIP2",-0.236414414633281,99,0.0184768955970537,0.999994989809642
"PALLD",0.226904227553612,77,0.0472028458256079,0.999994989809642
"PARP14",-0.210267878209692,101,0.0348137166395455,0.999994989809642
"PCDHGB2",0.321932031251005,81,0.00338083358698924,0.901385928856623
"PCGF5",0.240836442265727,95,0.0187217590183922,0.999994989809642
"PCNX3",0.235815736274645,99,0.0187845252030131,0.999994989809642
"PCP4L1",0.241762630539443,101,0.0148634526370237,0.999994989809642
"PCSK1N",-0.210007206308509,101,0.035044649978661,0.999994989809642
"PDAP1",0.230197830322692,83,0.0362954469113234,0.999994989809642
"PDC",0.237303674811247,101,0.0168747910296555,0.999994989809642
"PDE4C",0.235249322128233,83,0.032285055549233,0.999994989809642
"PDIA4",0.25293524148948,101,0.0107116648865926,0.999994989809642
"PDZD2",0.24710811834612,97,0.0146810804856448,0.999994989809642
"PEX2",0.223905810512783,101,0.0243934290575581,0.999994989809642
"PGAP1",0.20466290101153,95,0.0466447053413397,0.999994989809642
"PGLYRP3",-0.286325448549054,95,0.00490879237217683,0.999994989809642
"PHKB",0.210491277120324,97,0.0385019950236267,0.999994989809642
"PIK3R1",-0.242361252166686,101,0.0146099399585414,0.999994989809642
"PIWIL4",0.245501021088646,101,0.0133408310525985,0.999994989809642
"PKD1L3",0.208423370261054,97,0.0404935933695936,0.999994989809642
"PKLR",-0.204991115718002,101,0.0397454956446114,0.999994989809642
"PLEKHA1",-0.227783337341995,85,0.0360280305921497,0.999994989809642
"PLXNA1",0.262548921507505,95,0.0101582817302779,0.999994989809642
"PMCH",0.212504837519154,101,0.0328840669333749,0.999994989809642
"PMEPA1",0.234185091671308,101,0.0184176085304523,0.999994989809642
"PNP",-0.209645254992292,101,0.0353674427442269,0.999994989809642
"POLR2L",-0.215998667205077,99,0.0317708736592414,0.999994989809642
"POP1",0.270176592350915,97,0.00744171592548724,0.999994989809642
"PPIB",-0.223545459503218,101,0.02462991419436,0.999994989809642
"PPIL6",0.238274308623785,95,0.0200578684798813,0.999994989809642
"PPP1R13B",-0.227703632900192,97,0.024890255236694,0.999994989809642
"PPP1R1A",-0.206711961825006,93,0.0468090005552861,0.999994989809642
"PPP1R2",0.373083363487868,91,0.000270294871182143,0.589903738517698
"PPP1R3D",0.208442242033411,97,0.0404750366865736,0.999994989809642
"PPP2R3B",0.268631322480913,97,0.00780235930271291,0.999994989809642
"PPP4R1",-0.222398312978406,101,0.0253958105532788,0.999994989809642
"PRAF2",-0.205395795063501,99,0.0413994448997551,0.999994989809642
"PRDM14",0.222321216901626,87,0.0384842668136859,0.999994989809642
"PRDM15",0.234716255403447,99,0.0193609879967665,0.999994989809642
"PRDX4",0.200707704734744,97,0.0486983020835135,0.999994989809642
"PRKAA2",-0.228106198925346,101,0.0217767599524602,0.999994989809642
"PROM1",0.260859003883849,101,0.00841986474782633,0.999994989809642
"PRPS1L1",0.261459946000382,65,0.0353956109092866,0.999994989809642
"PRPSAP2",0.335941516531377,79,0.00247150052110315,0.901385928856623
"PRRT4",0.208188905702082,99,0.0386530531661331,0.999994989809642
"PRTG",0.262230212114059,85,0.015332186652259,0.999994989809642
"PSMA4",0.275646934994434,95,0.00685725040115699,0.999994989809642
"PSMB7",-0.219482594731696,97,0.0307694350953255,0.999994989809642
"PSMD4",-0.236859046551981,85,0.0290683487323098,0.999994989809642
"PSME1",0.252590045745165,89,0.0169354755327117,0.999994989809642
"PTGER3",-0.231123864769339,99,0.0213517998490777,0.999994989809642
"PURA",0.228675805184637,89,0.0311247371345862,0.999994989809642
"PURB",0.239169257427556,87,0.0256783441054105,0.999994989809642
"R3HDM4",-0.22220293578218,101,0.0255282567962321,0.999994989809642
"RAB11FIP3",0.197626310877876,99,0.049906094027143,0.999994989809642
"RAB11FIP4",0.215222813475937,101,0.0306615721499779,0.999994989809642
"RAB12",0.356968979968569,101,0.00024798046342729,0.589903738517698
"RAB25",-0.29054988327226,101,0.00320345162227512,0.901385928856623
"RAB7B",0.207867481964583,93,0.0455666093117822,0.999994989809642
"RABL3",0.221430223336441,101,0.0260578600009172,0.999994989809642
"RALB",0.277625513696336,101,0.0049410531726127,0.999994989809642
"RASGRF1",0.324996270206352,99,0.00103007607551381,0.77156425304767
"RBM4B",0.309754800149928,101,0.0016206917144227,0.77156425304767
"RCAN1",0.264017541443564,101,0.00763431477088593,0.999994989809642
"RCC1L",0.236317118299317,99,0.0185265937594455,0.999994989809642
"RER1",0.234140066964534,101,0.0184407449588513,0.999994989809642
"RETSAT",0.198242624685079,99,0.0491824102110145,0.999994989809642
"RFX6",0.197902496325831,101,0.0472774433808105,0.999994989809642
"RHBDL3",0.251930131866177,89,0.0172349495380118,0.999994989809642
"RHOXF1",0.359677940831439,51,0.00953291051908886,0.999994989809642
"RHPN2",0.234295929741721,97,0.0208945716225122,0.999994989809642
"RILPL2",0.275829892822837,99,0.00571952887269808,0.999994989809642
"RIMBP2",0.204476071590433,101,0.0402566880153498,0.999994989809642
"RNF139",0.199078229919021,101,0.0459521042810543,0.999994989809642
"RNF13",-0.21113595329991,101,0.0340538812944456,0.999994989809642
"ROR1",0.245004074035618,101,0.0135350714368914,0.999994989809642
"RPA4",-0.212328098802333,91,0.0433229707204445,0.999994989809642
"RPIA",-0.23192098510465,73,0.0483429036962149,0.999994989809642
"RPP25",-0.212833416594651,101,0.0326083697710995,0.999994989809642
"RPP30",0.242516822235341,71,0.041575888559418,0.999994989809642
"RPS6KA1",-0.220905278694012,97,0.0296752272410462,0.999994989809642
"RPS7",0.22875931914043,87,0.0330717919581933,0.999994989809642
"RRAS2",-0.213796646667755,101,0.0318113724099998,0.999994989809642
"RUBCNL",0.257895136403798,67,0.0351157445431899,0.999994989809642
"RUSC1",-0.267477086371778,97,0.00808170797954651,0.999994989809642
"RWDD4",-0.267074578452434,85,0.01347704488275,0.999994989809642
"S100G",-0.236346567293994,87,0.0275289872919166,0.999994989809642
"SBSN",0.219326187627915,99,0.0291698054494839,0.999994989809642
"SCAMP1",-0.221561933607331,101,0.0259669324487187,0.999994989809642
"SCFD1",0.208804125863356,99,0.0380690630684445,0.999994989809642
"SCN7A",-0.223835285472486,99,0.0259347319141264,0.999994989809642
"SCPEP1",-0.198891293292867,99,0.0484301207057785,0.999994989809642
"SCRG1",-0.22149151787384,87,0.0392327680614217,0.999994989809642
"SEC14L4",0.211972700572216,87,0.0487224542789863,0.999994989809642
"SEC16A",0.246702673613765,99,0.0138295169174812,0.999994989809642
"SEC24A",0.263685887643802,93,0.0106532384316319,0.999994989809642
"SEC61G",-0.213882565134516,101,0.0317410875033787,0.999994989809642
"SET",-0.251888329902203,71,0.0340843086338183,0.999994989809642
"SETSIP",0.275123998732242,57,0.0383326256877227,0.999994989809642
"SGCD",0.253064327135156,101,0.0106703394277187,0.999994989809642
"SGCE",0.216570156381045,101,0.0296078005864391,0.999994989809642
"SH2B2",0.209762965411997,97,0.0391938744616212,0.999994989809642
"SHF",0.236363170734545,95,0.0211070627478804,0.999994989809642
"SHMT1",-0.215329534642445,99,0.0323169038998862,0.999994989809642
"SIGLECL1",0.235120419850291,85,0.0303057594806187,0.999994989809642
"SIRT4",0.288694274507063,101,0.00341328087778596,0.901385928856623
"SLC16A4",0.214082584739154,99,0.0333555773554236,0.999994989809642
"SLC19A1",-0.212255014695471,97,0.0368687072228023,0.999994989809642
"SLC20A2",0.246853440386641,101,0.0128244510444997,0.999994989809642
"SLC25A14",-0.23176191578479,93,0.02539558449563,0.999994989809642
"SLC25A23",0.207989166049895,99,0.0388442575486938,0.999994989809642
"SLC25A44",-0.22925628235878,97,0.0238948257832677,0.999994989809642
"SLC26A2",0.21657826385117,99,0.0313042207997946,0.999994989809642
"SLC27A2",0.210771754331437,101,0.0343709514452379,0.999994989809642
"SLC34A1",0.197941164069805,101,0.0472333573669687,0.999994989809642
"SLC38A5",-0.233480904020573,99,0.0200267804673047,0.999994989809642
"SLC39A14",0.196320397490994,101,0.0491106663092843,0.999994989809642
"SLC6A4",0.367520320760353,101,0.000156345350776004,0.589903738517698
"SLC6A9",0.218512542271157,99,0.0297885500700054,0.999994989809642
"SMAD3",-0.212891532036629,97,0.036293710648925,0.999994989809642
"SMAP1",-0.313092736259571,99,0.00160277648071687,0.77156425304767
"SMIM24",0.233154118738098,77,0.041283406820052,0.999994989809642
"SMOC2",0.290264428996793,101,0.00323495769318548,0.901385928856623
"SMTNL2",0.242000995930525,89,0.0223225950645206,0.999994989809642
"SNCAIP",0.201550493815715,101,0.0432656311150339,0.999994989809642
"SNU13",-0.206469251074528,97,0.0424538775539247,0.999994989809642
"SORBS3",-0.225704682978187,101,0.0232416691485268,0.999994989809642
"SORCS2",-0.256975893456809,97,0.0110557170307421,0.999994989809642
"SPA17",-0.233861622813876,85,0.031229146290388,0.999994989809642
"SPATA6L",0.231294738564581,99,0.0212532779659065,0.999994989809642
"SPG21",0.29665517135685,101,0.00259228233129529,0.901385928856623
"SPOCK2",0.195837818400624,101,0.0496813977788179,0.999994989809642
"SPRN",0.237337191098012,95,0.0205666030662972,0.999994989809642
"SRRM3",0.22183166415061,95,0.0307324566950042,0.999994989809642
"SRSF1",0.287996662451785,91,0.00563592209476459,0.999994989809642
"SST",-0.267501851564418,101,0.00684343532751565,0.999994989809642
"STARD4",-0.318696490093694,101,0.00116167776851588,0.77156425304767
"STOX2",0.20106147370181,101,0.0437863957227652,0.999994989809642
"SUCLA2",0.26247599128472,91,0.0119545329404522,0.999994989809642
"SULT6B1",0.321686973951616,93,0.00166483126210945,0.77156425304767
"SUPV3L1",-0.21087558627064,95,0.040239745264847,0.999994989809642
"SYNJ1",-0.220968604995405,89,0.0374392250187595,0.999994989809642
"TADA3",0.237063449485341,101,0.0169895292732186,0.999994989809642
"TAF1D",0.254605866841377,93,0.013783585140689,0.999994989809642
"TAF4",0.245092799316026,87,0.022136056342979,0.999994989809642
"TALDO1",0.256577890343547,101,0.00959785031880417,0.999994989809642
"TANGO6",0.250919711549091,91,0.0164377900564936,0.999994989809642
"TAPBP",-0.220924512837703,93,0.0333309310867078,0.999994989809642
"TBC1D30",0.206218035297483,101,0.0385495690344993,0.999994989809642
"TBX1",0.232185308453079,99,0.0207460820481025,0.999994989809642
"TCEAL1",-0.325293697287797,97,0.00114944046047836,0.77156425304767
"TCL1A",0.213175144130094,97,0.0360399431172005,0.999994989809642
"TEC",-0.204345963021641,93,0.0494404095407523,0.999994989809642
"TECRL",-0.251220623982467,95,0.0140610483940625,0.999994989809642
"THG1L",0.212638772011397,89,0.0454340366037777,0.999994989809642
"TIAM2",0.218634859661185,99,0.0296948291383543,0.999994989809642
"TIMP3",0.19564149512111,101,0.0499151455221016,0.999994989809642
"TJP3",0.234419456276955,101,0.0182975813924215,0.999994989809642
"TLE2",0.252711016793317,101,0.010783781325741,0.999994989809642
"TM2D1",-0.295040693311269,79,0.00829994390687807,0.999994989809642
"TM9SF2",0.23800695015714,101,0.016542729568893,0.999994989809642
"TMED5",0.199563296128024,101,0.0454143692513606,0.999994989809642
"TMEFF2",0.238484195750299,101,0.0163206233163936,0.999994989809642
"TMEM100",-0.237118226726013,101,0.0169633069860996,0.999994989809642
"TMEM106B",0.219588126325425,81,0.0488741493316876,0.999994989809642
"TMEM171",0.227425352603082,99,0.0235822595400722,0.999994989809642
"TMEM218",0.235996620458557,71,0.0475544041847301,0.999994989809642
"TMEM54",-0.224045487512527,97,0.0273761350978063,0.999994989809642
"TMEM69",-0.205153125996162,101,0.0395858228485376,0.999994989809642
"TMEM71",-0.300399621045304,95,0.00309834698722015,0.901385928856623
"TMPRSS11A",-0.339571976681475,101,0.000512753220564439,0.629920977160541
"TMTC2",-0.217048013670234,101,0.0292415065538359,0.999994989809642
"TMX1",0.261778971120257,71,0.0274367874759933,0.999994989809642
"TNFAIP8L2",0.22787344902279,101,0.0219151847371619,0.999994989809642
"TNFRSF10D",0.377576745196631,57,0.00378553670485108,0.95283141841322
"TNFRSF13C",-0.207591985135584,99,0.0392268169352018,0.999994989809642
"TNFRSF8",0.215838306479989,97,0.0337288341731488,0.999994989809642
"TNMD",0.231369270793939,97,0.0225948810997726,0.999994989809642
"TOX",0.261530062618138,97,0.00966518518127401,0.999994989809642
"TP53TG5",0.230746932790262,99,0.0215705153977042,0.999994989809642
"TPO",0.208377808973992,97,0.0405384232067707,0.999994989809642
"TPPP2",-0.295765348569459,101,0.00267426435179081,0.901385928856623
"TRBV6-1",0.21852373525875,87,0.042010197931159,0.999994989809642
"TRIM7",0.225691703172637,101,0.0232498101786948,0.999994989809642
"TRIQK",-0.285538054338354,97,0.00458195367297859,0.999994989809642
"TRPC7",0.248714383732458,97,0.0140286202031247,0.999994989809642
"TRPM3",0.229435790993858,101,0.0210002855776766,0.999994989809642
"TRPM4",0.270885759642814,97,0.00728119035222184,0.999994989809642
"TSEN2",0.26534644118555,79,0.0181084350956723,0.999994989809642
"TSPAN14",-0.217180833152512,101,0.0291403804263096,0.999994989809642
"TTC8",0.213390132555108,93,0.0400001668405105,0.999994989809642
"TWF1",-0.233164728968967,101,0.0189481171121262,0.999994989809642
"TXNRD1",0.207176736920316,99,0.0396301409666876,0.999994989809642
"UBAP2L",-0.285579641571437,63,0.0232804373458998,0.999994989809642
"UBE2A",-0.266063338325489,75,0.0210419425629062,0.999994989809642
"UFC1",-0.204909619939025,99,0.0418937273908085,0.999994989809642
"UNC5A",0.222276840275829,101,0.0254780878893334,0.999994989809642
"UNC80",-0.250217269184001,87,0.0194169230042659,0.999994989809642
"USP24",-0.228592910720491,93,0.0275296382542848,0.999994989809642
"USP54",0.238628058289384,101,0.0162541789873433,0.999994989809642
"VAV1",0.272335185984851,101,0.00586657528928395,0.999994989809642
"VIT",0.205845347892166,101,0.0389096151007943,0.999994989809642
"VSTM2A",0.24647464051026,85,0.0229695292206623,0.999994989809642
"VSTM2B",0.199232576425716,101,0.0457804288087427,0.999994989809642
"VTA1",0.220450635791321,99,0.0283326535961249,0.999994989809642
"VWA8",-0.207697244982329,101,0.0371479117935757,0.999994989809642
"WBP1L",0.215236962176153,101,0.0306503436687419,0.999994989809642
"WDR59",0.253574737545603,99,0.0113242519448088,0.999994989809642
"WDR62",0.203693755526156,99,0.043151427605303,0.999994989809642
"WNT7B",-0.205824186809193,97,0.043118067138764,0.999994989809642
"WWOX",0.245840567613252,75,0.033500951040064,0.999994989809642
"XPOT",-0.25263329940847,71,0.0335406362320975,0.999994989809642
"XRN1",-0.231177914284961,97,0.0227100614798328,0.999994989809642
"XYLB",0.292829816089134,101,0.00296153027429649,0.901385928856623
"YES1",0.235182300486983,97,0.0204017723994117,0.999994989809642
"YIPF6",0.222041754468644,95,0.0305705309409369,0.999994989809642
"ZBTB14",0.24044615882853,89,0.0232254465425346,0.999994989809642
"ZBTB34",-0.200490535897752,101,0.044400980131268,0.999994989809642
"ZBTB41",0.247826350311014,93,0.0166149948376228,0.999994989809642
"ZFR2",-0.272626599507656,69,0.0234299168822236,0.999994989809642
"ZMYND8",0.221836720662162,101,0.025778099746731,0.999994989809642
"ZNF112",-0.207355751496584,101,0.0374676488202249,0.999994989809642
"ZNF174",0.207773357346788,97,0.0411370995943204,0.999994989809642
"ZNF180",-0.209538252186491,97,0.0394094327585502,0.999994989809642
"ZNF181",0.267689302319697,81,0.0156909066751961,0.999994989809642
"ZNF226",-0.234261289341536,97,0.0209140362937371,0.999994989809642
"ZNF280A",-0.243734596782604,101,0.0140424784239129,0.999994989809642
"ZNF284",-0.272614505937208,59,0.0367136656425183,0.999994989809642
"ZNF296",0.275596044658131,101,0.00527949060439708,0.999994989809642
"ZNF318",-0.252045106210621,99,0.0118446548533208,0.999994989809642
"ZNF367",0.234455794078903,101,0.0182790319179638,0.999994989809642
"ZNF385D",-0.197394294446965,101,0.0478600301527125,0.999994989809642
"ZNF395",-0.223596256713828,101,0.0245964598868351,0.999994989809642
"ZNF408",0.265920189140435,101,0.00719298647357167,0.999994989809642
"ZNF432",0.24418288797083,93,0.0183345564336898,0.999994989809642
"ZNF516",0.237154160615219,93,0.0220876589059803,0.999994989809642
"ZNF570",-0.319883805634463,75,0.00514744411849941,0.999994989809642
"ZNF684",0.224595253421961,81,0.0438238873643925,0.999994989809642
"ZNF696",0.4413703558608,79,4.66922117792293e-05,0.589903738517698
"ZNF724",0.270635343519464,73,0.0205693416188522,0.999994989809642
"ZNF746",0.19758565187416,99,0.0499541437875979,0.999994989809642
"ZNF750",-0.280626660057219,101,0.00447595684880158,0.999994989809642
"ZNF800",-0.28048192650851,87,0.00850423671637271,0.999994989809642
"ZNF865",0.267264267288012,85,0.0134085492505768,0.999994989809642
"ZNRF1",0.250820968542561,67,0.0406312020248452,0.999994989809642
"ZSWIM7",0.298601152959858,85,0.00550602315790065,0.999994989809642
"ZYG11B",0.212909382655883,101,0.0325449079765351,0.999994989809642
"ZYX",0.214472568021854,99,0.0330277524797367,0.999994989809642
"MARCH3",-0.200115262432733,101,0.0448088333212354,0.999994989809642
"SOS1",-0.231278811228702,97,0.0226492676641832,0.999994989809642
"AC187653",0.20790910118686,97,0.0410020148849518,0.999994989809642
"CDKL5",-0.231545357576377,97,0.0224893335732202,0.999994989809642
"DCAF1",0.221727600755891,97,0.0290579168705995,0.999994989809642
"EEF1AKMT1",0.198710507319918,99,0.0486388235646719,0.999994989809642
"GTF2H3",0.271539149476889,59,0.0374916997382495,0.999994989809642
"LHX6",-0.216003980774897,101,0.0300468159764032,0.999994989809642
"MYL5",0.222172026972164,85,0.0409917589619597,0.999994989809642
"TMEM30A",-0.217299945584026,101,0.0290499427992611,0.999994989809642
"UCN2",0.216059095312701,97,0.0335429621891018,0.999994989809642
"VARS",0.205888865564571,95,0.0453179842519615,0.999994989809642
